Factor Clave,Cluster
Acuerdos,3
Adaptación,0
Automatización,0
Cambio,1
Capacitación,0
Casos de negocio,2
Clientes,0
Colaboración,0
Competencias,0
Comunicación,0
Confianza,1
Conversiones,0
Costos,2
Costos operativos,2
Cultura organizacional,0
Datos,2
Documentación,1
Eficiencia,3
Ejecución,0
Experiencia acumulada,3
Experiencia del cliente,3
Experiencia fluída,3
Gobierno de datos,2
Habilidades,1
Incertidumbre,1
Indicadores,3
Ingresos,2
Innovación,0
Inventarios,0
Inversión,3
Lealtad,1
Liderazgo,0
Marca,0
Mejorar eficiencia,0
Optimización,0
Partes interesadas,0
Personalización,0
Planificación,1
Posicionamiento,1
Procesos,1
Protección de la privacidad,1
Recursos,2
Rediseño,2
Reducción de costos,2
Retención,0
Satisfacción,3
Satisfacción del cliente,2
Soporte técnico,2
Tecnologías avanzadas,3
Valores organizacionales,0
Ventas,2
